{
	"id": "fbed23d9-81ff-47ca-8bd5-f525ba173f4c",
	"name": "Cloud HTTP",
	"values": [
		{
			"key": "host",
			"value": "http://connect.cloud.kaaiot.com",
			"enabled": true
		},
		{
			"key": "port",
			"value": "80",
			"enabled": true
		},
		{
			"key": "appversion_name",
			"value": "",
			"enabled": true
		},
		{
			"key": "token",
			"value": "",
			"enabled": true
		},
		{
			"key": "bcx_upload_token",
			"value": "",
			"enabled": true
		},
		{
			"key": "rest_host",
			"value": "https://cloud.kaaiot.com",
			"enabled": true
		},
		{
			"key": "rest_port",
			"value": "443",
			"enabled": true
		},
		{
			"key": "command_type",
			"value": "toggle",
			"enabled": true
		}
	],
	"_postman_variable_scope": "environment",
	"_postman_exported_at": "2020-07-06T15:48:07.971Z",
	"_postman_exported_using": "Postman/7.27.1"
}