<?xml version="1.0" encoding="UTF-8" ?>
<!--
  Copyright 2014 CyberVision, Inc.
 
  Licensed under the Apache License, Version 2.0 (the "License");
  you may not use this file except in compliance with the License.
  You may obtain a copy of the License at
 
       http://www.apache.org/licenses/LICENSE-2.0
 
  Unless required by applicable law or agreed to in writing, software
  distributed under the License is distributed on an "AS IS" BASIS,
  WITHOUT WARRANTIES OR CONDITIONS OF ANY KIND, either express or implied.
  See the License for the specific language governing permissions and
  limitations under the License.
-->
<configuration>
    <appender name="console" class="ch.qos.logback.core.ConsoleAppender">
        <encoder>
            <pattern>%d{ISO8601} [%thread] %-5level %logger{36} - %msg%n</pattern>
        </encoder>
    </appender>

    <logger name="org.kaaproject.kaa" level="ERROR"/>
    <logger name="org.kaaproject.kaa.samples.nf" level="INFO"/>

    <root level="INFO">
        <appender-ref ref="console"/>
        <appender-ref ref="fileLogAppender"/>
    </root>

</configuration>